Workbook

Sheet Google Ads Data
A1: date | B1: impressions | C1: clicks | D1: spend | E1: conversions | F1: revenue
A2: 44927 | B2: 26268 | C2: 522 | D2: 642.96 | E2: 9 | F2: 1385.03
A3: 44928 | B3: 92883 | C3: 1579 | D3: 2194.82 | E3: 37 | F3: 5509.8
A4: 44929 | B4: 14955 | C4: 276 | D4: 312.63 | E4: 6 | F4: 700.19
A5: 44930 | B5: 41109 | C5: 702 | D5: 1265.33 | E5: 13 | F5: 2728.06
A6: 44931 | B6: 37989 | C6: 554 | D6: 798.68 | E6: 13 | F6: 2748.29
A7: 44932 | B7: 61008 | C7: 1085 | D7: 1987.27 | E7: 16 | F7: 2935.19
A8: 44933 | B8: 45181 | C8: 1246 | D8: 1259.46 | E8: 26 | F8: 5185.01
A9: 44934 | B9: 39529 | C9: 395 | D9: 660.13 | E9: 9 | F9: 1433.6
A10: 44935 | B10: 84110 | C10: 1724 | D10: 2344.98 | E10: 32 | F10: 6125.59
A11: 44936 | B11: 70925 | C11: 1312 | D11: 2322.43 | E11: 16 | F11: 3099.87
A12: 44937 | B12: 78307 | C12: 783 | D12: 1417.35 | E12: 17 | F12: 3156.09
A13: 44938 | B13: 70313 | C13: 1265 | D13: 2164.23 | E13: 16 | F13: 3110.42
... A366: 45291 | B366: 88825 | C366: 2184 | D366: 2425.44 | E366: 38 | F366: 5801.42

Sheet PIVOT TABLE GOOGLE
I3: CTR | J3: CPM | K3: CPC
I4: =G4/H4 -> 0.018663965 | J4: =(F4/H4)*1000 -> 28.593922 | K4: =F4/G4 -> 1.532039
I5: =G5/H5 -> 0.019736479 | J5: =(F5/H5)*1000 -> 29.132527 | K5: =F5/G5 -> 1.4760752
I6: =G6/H6 -> 0.020447248 | J6: =(F6/H6)*1000 -> 29.714592 | K6: =F6/G6 -> 1.4532318
I7: =G7/H7 -> 0.019228704 | J7: =(F7/H7)*1000 -> 30.496384 | K7: =F7/G7 -> 1.5859823
I8: =G8/H8 -> 0.019753772 | J8: =(F8/H8)*1000 -> 31.178272 | K8: =F8/G8 -> 1.5783452
I9: =G9/H9 -> 0.021489794 | J9: =(F9/H9)*1000 -> 32.923753 | K9: =F9/G9 -> 1.5320646
I10: =G10/H10 -> 0.021518765 | J10: =(F10/H10)*1000 -> 32.183969 | K10: =F10/G10 -> 1.4956234
I11: =G11/H11 -> 0.01958708 | J11: =(F11/H11)*1000 -> 29.82671 | K11: =F11/G11 -> 1.5227747
I12: =G12/H12 -> 0.019166612 | J12: =(F12/H12)*1000 -> 28.500864 | K12: =F12/G12 -> 1.4870058
I13: =G13/H13 -> 0.02028533 | J13: =(F13/H13)*1000 -> 27.837056 | K13: =F13/G13 -> 1.3722753
I14: =G14/H14 -> 0.019831381 | J14: =(F14/H14)*1000 -> 27.71997 | K14: =F14/G14 -> 1.3977832
I15: =G15/H15 -> 0.020418166 | J15: =(F15/H15)*1000 -> 30.216428 | K15: =F15/G15 -> 1.4798797
I16: =G16/H16 -> 0.020017164 | J16: =(F16/H16)*1000 -> 29.904574 | K16: =F16/G16 -> 1.4939466

Sheet Paid Reporting
A1: Dates | B1: Click True Rate | C1: Conversion Rate | D1: Cost Per Click | E1: Average Conversation Value | F1: ROAS | G1: Cost Per Conversion | H1: CPM
A2: 44927 | B2: ='Google Ads Data'!C2/'Google Ads Data'!B2 -> 0.019872088 | C2: ='Google Ads Data'!E2/'Google Ads Data'!C2 -> 0.017241379 | D2: ='Google Ads Data'!D2/'Google Ads Data'!C2 -> 1.2317241 | E2: ='Google Ads Data'!F2/'Google Ads Data'!E2 -> 153.89222 | F2: ='Google Ads Data'!F2/'Google Ads Data'!D2 -> 2.1541464 | G2: ='Google Ads Data'!D2/'Google Ads Data'!E2 -> 71.44 | H2: =('Google Ads Data'!D2/'Google Ads Data'!B2)*1000 -> 24.47693
A3: 44928 | B3: ='Google Ads Data'!C3/'Google Ads Data'!B3 -> 0.016999882 | C3: ='Google Ads Data'!E3/'Google Ads Data'!C3 -> 0.023432552 | D3: ='Google Ads Data'!D3/'Google Ads Data'!C3 -> 1.3900063 | E3: ='Google Ads Data'!F3/'Google Ads Data'!E3 -> 148.91351 | F3: ='Google Ads Data'!F3/'Google Ads Data'!D3 -> 2.5103653 | G3: ='Google Ads Data'!D3/'Google Ads Data'!E3 -> 59.319459 | H3: =('Google Ads Data'!D3/'Google Ads Data'!B3)*1000 -> 23.629943
A4: 44929 | B4: ='Google Ads Data'!C4/'Google Ads Data'!B4 -> 0.018455366 | C4: ='Google Ads Data'!E4/'Google Ads Data'!C4 -> 0.02173913 | D4: ='Google Ads Data'!D4/'Google Ads Data'!C4 -> 1.1327174 | E4: ='Google Ads Data'!F4/'Google Ads Data'!E4 -> 116.69833 | F4: ='Google Ads Data'!F4/'Google Ads Data'!D4 -> 2.2396763 | G4: ='Google Ads Data'!D4/'Google Ads Data'!E4 -> 52.105 | H4: =('Google Ads Data'!D4/'Google Ads Data'!B4)*1000 -> 20.904714
A5: 44930 | B5: ='Google Ads Data'!C5/'Google Ads Data'!B5 -> 0.017076553 | C5: ='Google Ads Data'!E5/'Google Ads Data'!C5 -> 0.018518519 | D5: ='Google Ads Data'!D5/'Google Ads Data'!C5 -> 1.8024644 | E5: ='Google Ads Data'!F5/'Google Ads Data'!E5 -> 209.85077 | F5: ='Google Ads Data'!F5/'Google Ads Data'!D5 -> 2.1560067 | G5: ='Google Ads Data'!D5/'Google Ads Data'!E5 -> 97.333077 | H5: =('Google Ads Data'!D5/'Google Ads Data'!B5)*1000 -> 30.779878
A6: 44931 | B6: ='Google Ads Data'!C6/'Google Ads Data'!B6 -> 0.014583169 | C6: ='Google Ads Data'!E6/'Google Ads Data'!C6 -> 0.023465704 | D6: ='Google Ads Data'!D6/'Google Ads Data'!C6 -> 1.4416606 | E6: ='Google Ads Data'!F6/'Google Ads Data'!E6 -> 211.40692 | F6: ='Google Ads Data'!F6/'Google Ads Data'!D6 -> 3.4410402 | G6: ='Google Ads Data'!D6/'Google Ads Data'!E6 -> 61.436923 | H6: =('Google Ads Data'!D6/'Google Ads Data'!B6)*1000 -> 21.023981
A7: 44932 | B7: ='Google Ads Data'!C7/'Google Ads Data'!B7 -> 0.017784553 | C7: ='Google Ads Data'!E7/'Google Ads Data'!C7 -> 0.014746544 | D7: ='Google Ads Data'!D7/'Google Ads Data'!C7 -> 1.8315853 | E7: ='Google Ads Data'!F7/'Google Ads Data'!E7 -> 183.44938 | F7: ='Google Ads Data'!F7/'Google Ads Data'!D7 -> 1.4769961 | G7: ='Google Ads Data'!D7/'Google Ads Data'!E7 -> 124.20437 | H7: =('Google Ads Data'!D7/'Google Ads Data'!B7)*1000 -> 32.573925
A8: 44933 | B8: ='Google Ads Data'!C8/'Google Ads Data'!B8 -> 0.027577964 | C8: ='Google Ads Data'!E8/'Google Ads Data'!C8 -> 0.020866774 | D8: ='Google Ads Data'!D8/'Google Ads Data'!C8 -> 1.0108026 | E8: ='Google Ads Data'!F8/'Google Ads Data'!E8 -> 199.42346 | F8: ='Google Ads Data'!F8/'Google Ads Data'!D8 -> 4.1168517 | G8: ='Google Ads Data'!D8/'Google Ads Data'!E8 -> 48.440769 | H8: =('Google Ads Data'!D8/'Google Ads Data'!B8)*1000 -> 27.875877
A9: 44934 | B9: ='Google Ads Data'!C9/'Google Ads Data'!B9 -> 0.0099926636 | C9: ='Google Ads Data'!E9/'Google Ads Data'!C9 -> 0.02278481 | D9: ='Google Ads Data'!D9/'Google Ads Data'!C9 -> 1.6712152 | E9: ='Google Ads Data'!F9/'Google Ads Data'!E9 -> 159.28889 | F9: ='Google Ads Data'!F9/'Google Ads Data'!D9 -> 2.1716935 | G9: ='Google Ads Data'!D9/'Google Ads Data'!E9 -> 73.347778 | H9: =('Google Ads Data'!D9/'Google Ads Data'!B9)*1000 -> 16.699891
A10: 44935 | B10: ='Google Ads Data'!C10/'Google Ads Data'!B10 -> 0.020496968 | C10: ='Google Ads Data'!E10/'Google Ads Data'!C10 -> 0.018561485 | D10: ='Google Ads Data'!D10/'Google Ads Data'!C10 -> 1.3601972 | E10: ='Google Ads Data'!F10/'Google Ads Data'!E10 -> 191.42469 | F10: ='Google Ads Data'!F10/'Google Ads Data'!D10 -> 2.6122142 | G10: ='Google Ads Data'!D10/'Google Ads Data'!E10 -> 73.280625 | H10: =('Google Ads Data'!D10/'Google Ads Data'!B10)*1000 -> 27.879919
A11: 44936 | B11: ='Google Ads Data'!C11/'Google Ads Data'!B11 -> 0.018498414 | C11: ='Google Ads Data'!E11/'Google Ads Data'!C11 -> 0.012195122 | D11: ='Google Ads Data'!D11/'Google Ads Data'!C11 -> 1.7701448 | E11: ='Google Ads Data'!F11/'Google Ads Data'!E11 -> 193.74187 | F11: ='Google Ads Data'!F11/'Google Ads Data'!D11 -> 1.3347528 | G11: ='Google Ads Data'!D11/'Google Ads Data'!E11 -> 145.15187 | H11: =('Google Ads Data'!D11/'Google Ads Data'!B11)*1000 -> 32.744871
A12: 44937 | B12: ='Google Ads Data'!C12/'Google Ads Data'!B12 -> 0.0099991061 | C12: ='Google Ads Data'!E12/'Google Ads Data'!C12 -> 0.021711367 | D12: ='Google Ads Data'!D12/'Google Ads Data'!C12 -> 1.8101533 | E12: ='Google Ads Data'!F12/'Google Ads Data'!E12 -> 185.65235 | F12: ='Google Ads Data'!F12/'Google Ads Data'!D12 -> 2.2267542 | G12: ='Google Ads Data'!D12/'Google Ads Data'!E12 -> 83.373529 | H12: =('Google Ads Data'!D12/'Google Ads Data'!B12)*1000 -> 18.099914
A13: 44938 | B13: ='Google Ads Data'!C13/'Google Ads Data'!B13 -> 0.017990983 | C13: ='Google Ads Data'!E13/'Google Ads Data'!C13 -> 0.012648221 | D13: ='Google Ads Data'!D13/'Google Ads Data'!C13 -> 1.7108538 | E13: ='Google Ads Data'!F13/'Google Ads Data'!E13 -> 194.40125 | F13: ='Google Ads Data'!F13/'Google Ads Data'!D13 -> 1.4371948 | G13: ='Google Ads Data'!D13/'Google Ads Data'!E13 -> 135.26438 | H13: =('Google Ads Data'!D13/'Google Ads Data'!B13)*1000 -> 30.779941
... A366: 45291 | B366: ='Google Ads Data'!C366/'Google Ads Data'!B366 -> 0.024587672 | C366: ='Google Ads Data'!E366/'Google Ads Data'!C366 -> 0.017399267 | D366: ='Google Ads Data'!D366/'Google Ads Data'!C366 -> 1.1105495 | E366: ='Google Ads Data'!F366/'Google Ads Data'!E366 -> 152.66895 | F366: ='Google Ads Data'!F366/'Google Ads Data'!D366 -> 2.3919041 | G366: ='Google Ads Data'!D366/'Google Ads Data'!E366 -> 63.827368 | H366: =('Google Ads Data'!D366/'Google Ads Data'!B366)*1000 -> 27.305826

Sheet Summary
A1: Total Amount Spend | B1: =SUM('Google Ads Data'!D2:D366) -> 625835.16
A2: Total Clicks | B2: =SUM('Google Ads Data'!C2:C366) -> 418914
A3: Avg Cost Per Click | B3: =AVERAGE('Paid Reporting'!D2:D366) -> 1.5036595
A4: Cost Per 1000 Imperessions | B4: =('Google Ads Data'!D2/'Google Ads Data'!B2)*10000 -> 244.7693
A5: Total Conversions | B5: =SUM('Google Ads Data'!E2:E366) -> 7763
A6: Total Revenue | B6: =SUM('Google Ads Data'!F2:F366) -> 1211548.2
A7: ROAS | B7: =Summary!B6/Summary!B1 -> 1.9358902
A8: Avg Conversion | B8: =AVERAGE('Paid Reporting'!G2:G366) -> 86.58685

Sheet Additional Questions 
B1: Spend Money Each Month | F1: Conversions Each Month | I1: Revenue Each Month | M1: date | N1: impressions | O1: clicks | P1: spend | Q1: conversions | R1: revenue | S1: CPM for December | T1: CPC For December
B2: Jan | C2: =SUMIF('Google Ads Data'!A2:A366,"<=1-feb-2023",'Google Ads Data'!D2:D366) -> 52790.74 | F2: jan | G2: {=SUMPRODUCT((MONTH('Google Ads Data'!A2:A366)=1)*('Google Ads Data'!E2:E366))} -> 599 | I2: Jan | J2: {=SUMPRODUCT((MONTH('Google Ads Data'!A2:A366)=1)*('Google Ads Data'!F2:F366))} -> 98964.47 | M2: 45261 | N2: 99954 | O2: 2447 | P2: 2938.64 | Q2: 31 | R2: 5538.78 | S2: 37228.378 | T2: 1.2009154
B3: Feb | C3: =SUM('Google Ads Data'!D33:D60) -> 46484.56 | F3: feb | G3: {=SUMPRODUCT((MONTH('Google Ads Data'!A2:A366)=2)*('Google Ads Data'!E2:E366))} -> 555 | I3: Feb | J3: {=SUMPRODUCT((MONTH('Google Ads Data'!A2:A366)=2)*('Google Ads Data'!F2:F366))} -> 91888.7 | M3: 45262 | N3: 92967 | O3: 1877 | P3: 2723 | Q3: 34 | R3: 6672.67 | S3: 49324.454 | T3: 1.4507192
B4: Mar | C4: {=SUMPRODUCT((MONTH('Google Ads Data'!A2:A366)=3)*('Google Ads Data'!D2:D366))} -> 46468.54 | F4: mar | G4: {=SUMPRODUCT((MONTH('Google Ads Data'!A2:A366)=3)*('Google Ads Data'!E2:E366))} -> 606 | I4: Mar | J4: {=SUMPRODUCT((MONTH('Google Ads Data'!A2:A366)=3)*('Google Ads Data'!F2:F366))} -> 91450.71 | M4: 45263 | N4: 57849 | O4: 670 | P4: 1234.72 | Q4: 12 | R4: 2625.34 | S4: 22114.388 | T4: 1.8428657
B5: Apr | C5: {=SUMPRODUCT((MONTH('Google Ads Data'!A2:A366)=4)*('Google Ads Data'!D2:D366))} -> 59350.63 | F5: apr | G5: {=SUMPRODUCT((MONTH('Google Ads Data'!A2:A366)=4)*('Google Ads Data'!E2:E366))} -> 730 | I5: Apr | J5: {=SUMPRODUCT((MONTH('Google Ads Data'!A2:A366)=4)*('Google Ads Data'!F2:F366))} -> 111557.62 | M5: 45264 | N5: 106053 | O5: 2767 | P5: 4677.88 | Q5: 62 | R5: 11381.39 | S5: 104816.97 | T5: 1.6905963
B6: May | C6: {=SUMPRODUCT((MONTH('Google Ads Data'!A2:A366)=5)*('Google Ads Data'!D2:D366))} -> 57028.77 | F6: may | G6: {=SUMPRODUCT((MONTH('Google Ads Data'!A2:A366)=5)*('Google Ads Data'!E2:E366))} -> 698 | I6: May | J6: {=SUMPRODUCT((MONTH('Google Ads Data'!A2:A366)=5)*('Google Ads Data'!F2:F366))} -> 106923.8 | M6: 45265 | N6: 76114 | O6: 768 | P6: 1183.87 | Q6: 19 | R6: 2306.25 | S6: 29288.451 | T6: 1.5414974
B7: Jun | C7: {=SUMPRODUCT((MONTH('Google Ads Data'!A2:A366)=6)*('Google Ads Data'!D2:D366))} -> 57115.37 | F7: jun | G7: {=SUMPRODUCT((MONTH('Google Ads Data'!A2:A366)=6)*('Google Ads Data'!E2:E366))} -> 710 | I7: Jun | J7: {=SUMPRODUCT((MONTH('Google Ads Data'!A2:A366)=6)*('Google Ads Data'!F2:F366))} -> 111327.35 | M7: 45266 | N7: 56666 | O7: 1688 | P7: 2684.94 | Q7: 23 | R7: 4456.33 | S7: 36583.898 | T7: 1.5906043
B8: Jul | C8: {=SUMPRODUCT((MONTH('Google Ads Data'!A2:A366)=7)*('Google Ads Data'!D2:D366))} -> 53040.79 | F8: jul | G8: {=SUMPRODUCT((MONTH('Google Ads Data'!A2:A366)=7)*('Google Ads Data'!E2:E366))} -> 622 | I8: Jul | J8: {=SUMPRODUCT((MONTH('Google Ads Data'!A2:A366)=7)*('Google Ads Data'!F2:F366))} -> 96753.23 | M8: 45267 | N8: 71577 | O8: 1488 | P8: 2262.97 | Q8: 30 | R8: 4513.3 | S8: 45624.395 | T8: 1.5208132
B9: Aug | C9: {=SUMPRODUCT((MONTH('Google Ads Data'!A2:A366)=8)*('Google Ads Data'!D2:D366))} -> 49771.89 | F9: aug | G9: {=SUMPRODUCT((MONTH('Google Ads Data'!A2:A366)=8)*('Google Ads Data'!E2:E366))} -> 594 | I9: Aug | J9: {=SUMPRODUCT((MONTH('Google Ads Data'!A2:A366)=8)*('Google Ads Data'!F2:F366))} -> 90231.35 | M9: 45268 | N9: 106918 | O9: 1666 | P9: 3319.16 | Q9: 32 | R9: 6472.86 | S9: 63753.373 | T9: 1.9922929
B10: Sep | C10: {=SUMPRODUCT((MONTH('Google Ads Data'!A2:A366)=9)*('Google Ads Data'!D2:D366))} -> 43201.98 | F10: sep | G10: {=SUMPRODUCT((MONTH('Google Ads Data'!A2:A366)=9)*('Google Ads Data'!E2:E366))} -> 546 | I10: Sep | J10: {=SUMPRODUCT((MONTH('Google Ads Data'!A2:A366)=9)*('Google Ads Data'!F2:F366))} -> 87559.49 | M10: 45269 | N10: 71077 | O10: 1640 | P10: 2709.1 | Q10: 37 | R10: 4668.68 | S10: 61119.939 | T10: 1.6518902
B11: Oct | C11: {=SUMPRODUCT((MONTH('Google Ads Data'!A2:A366)=10)*('Google Ads Data'!D2:D366))} -> 50083.93 | F11: oct | G11: {=SUMPRODUCT((MONTH('Google Ads Data'!A2:A366)=10)*('Google Ads Data'!E2:E366))} -> 707 | I11: Oct | J11: {=SUMPRODUCT((MONTH('Google Ads Data'!A2:A366)=10)*('Google Ads Data'!F2:F366))} -> 103494.6 | M11: 45270 | N11: 44348 | O11: 828 | P11: 1559.09 | Q11: 12 | R11: 1512.65 | S11: 22595.507 | T11: 1.8829589
B12: Nov | C12: {=SUMPRODUCT((MONTH('Google Ads Data'!A2:A366)=11)*('Google Ads Data'!D2:D366))} -> 43304.72 | F12: nov | G12: {=SUMPRODUCT((MONTH('Google Ads Data'!A2:A366)=11)*('Google Ads Data'!E2:E366))} -> 567 | I12: Nov | J12: {=SUMPRODUCT((MONTH('Google Ads Data'!A2:A366)=11)*('Google Ads Data'!F2:F366))} -> 88827.33 | M12: 45271 | N12: 64166 | O12: 756 | P12: 1484.03 | Q12: 9 | R12: 1864.73 | S12: 17667.024 | T12: 1.9630026
B13: Dec | C13: {=SUMPRODUCT((MONTH('Google Ads Data'!A2:A366)=12)*('Google Ads Data'!D2:D366))} -> 70220.29 | F13: dec | G13: {=SUMPRODUCT((MONTH('Google Ads Data'!A2:A366)=12)*('Google Ads Data'!E2:E366))} -> 829 | I13: Dec | J13: {=SUMPRODUCT((MONTH('Google Ads Data'!A2:A366)=12)*('Google Ads Data'!F2:F366))} -> 132569.52 | M13: 45272 | N13: 34386 | O13: 343 | P13: 587.99 | Q13: 4 | R13: 570.53 | S13: 6857.0262 | T13: 1.7142566
M14: 45273 | N14: 110153 | O14: 2224 | P14: 3293.13 | Q14: 50 | R14: 6037.11 | S14: 74036.196 | T14: 1.4807239
B15: Maximum Spend | C15: =MAX(C2:C13) -> 70220.29 | F15: Maximum Conversion | G15: =MAX(G2:G13) -> 829 | I15: Maximum Revenue | J15: =MAX(J2:J13) -> 132569.52 | M15: 45274 | N15: 24831 | O15: 741 | P15: 1336.38 | Q15: 11 | R15: 2178.33 | S15: 19838.3 | T15: 1.8034818
F16: AVG Conversion Amount For December | G16: =AVERAGE('Paid Reporting'!E336:E366) -> 163.67 | M16: 45275 | N16: 108166 | O16: 3006 | P16: 4931.5 | Q16: 59 | R16: 6134.31 | S16: 96792.582 | T16: 1.6405522
M17: 45276 | N17: 91150 | O17: 2488 | P17: 3110.49 | Q17: 54 | R17: 10849.4 | S17: 67510.635 | T17: 1.2501969
M18: 45277 | N18: 46523 | O18: 673 | P18: 1018.62 | Q18: 9 | R18: 1679.71 | S18: 13621.961 | T18: 1.5135513
M19: 45278 | N19: 98159 | O19: 1648 | P19: 2720.97 | Q19: 32 | R19: 5568.58 | S19: 52834.369 | T19: 1.651074
M20: 45279 | N20: 83588 | O20: 2448 | P20: 3894.11 | Q20: 36 | R20: 5171.08 | S20: 57266.324 | T20: 1.5907312
M21: 45280 | N21: 104190 | O21: 2719 | P21: 3562.36 | Q21: 34 | R21: 5797.67 | S21: 44545.877 | T21: 1.3101729
M22: 45281 | N22: 24959 | O22: 274 | P22: 381.62 | Q22: 4 | R22: 832.87 | S22: 5571.0949 | T22: 1.3927737
M23: 45282 | N23: 67027 | O23: 1058 | P23: 1313.19 | Q23: 15 | R23: 1810.3 | S23: 18618.006 | T23: 1.2412004
M24: 45283 | N24: 70871 | O24: 757 | P24: 1145.06 | Q24: 17 | R24: 3138.07 | S24: 25714.69 | T24: 1.5126288
M25: 45284 | N25: 80032 | O25: 1728 | P25: 2264.58 | Q25: 31 | R25: 4202.44 | S25: 40626.146 | T25: 1.3105208
M26: 45285 | N26: 108915 | O26: 1317 | P26: 1436.48 | Q26: 23 | R26: 2933.97 | S26: 25086.591 | T26: 1.0907213
M27: 45286 | N27: 31756 | O27: 574 | P27: 695.48 | Q27: 8 | R27: 1455.92 | S27: 9693.101 | T27: 1.2116376
M28: 45287 | N28: 95173 | O28: 2150 | P28: 2516.56 | Q28: 29 | R28: 4613.7 | S28: 33944.298 | T28: 1.170493
... M32: 45291 | N32: 88825 | O32: 2184 | P32: 2425.44 | Q32: 38 | R32: 5801.42 | S32: 42200.879 | T32: 1.1105495
M33: AVG Cpm For December | S33: =SUM(S2:S32) -> 1238000.2
M34: AVG Cpc For December | T34: =SUM(T2:T32) -> 46.616256

Sheet Graphs Google
B1: date | C1: clicks | D1: impressions | F1: Months | G1: Clicks | H1: impressions | I1: ROAS | J1: Spend | L1: Months | M1: Google Ad Spend | N1: Facebook Ad Spend
B2: 44927 | C2: 522 | D2: 26268 | F2: Jan | G2: {=SUMPRODUCT((MONTH(B2:B366)=1)*(C2:C366))} -> 32482 | H2: {=SUMPRODUCT((MONTH(B2:B366)=1)*(D2:D366))} -> 1740359 | I2: ='Google Ads Data'!F340/'Google Ads Data'!D340 -> 1.9480602 | J2: 52790.74 | L2: Jan | M2: 52790.74 | N2: 40308.59
B3: 44928 | C3: 1579 | D3: 92883 | F3: Feb | G3: {=SUMPRODUCT((MONTH(B2:B366)=2)*(C2:C366))} -> 31492 | H3: {=SUMPRODUCT((MONTH(B2:B366)=2)*(D2:D366))} -> 1595624 | I3: ='Google Ads Data'!F341/'Google Ads Data'!D341 -> 1.6597503 | J3: 46484.56 | L3: Feb | M3: 46484.56 | N3: 37652.5
B4: 44929 | C4: 276 | D4: 14955 | F4: Mar | G4: {=SUMPRODUCT((MONTH(B2:B366)=3)*(C2:C366))} -> 31976 | H4: {=SUMPRODUCT((MONTH(B2:B366)=3)*(D2:D366))} -> 1563829 | I4: ='Google Ads Data'!F342/'Google Ads Data'!D342 -> 1.9944144 | J4: 46468.54 | L4: Mar | M4: 46468.54 | N4: 37639.53
B5: 44930 | C5: 702 | D5: 41109 | F5: Apr | G5: {=SUMPRODUCT((MONTH(B2:B366)=4)*(C2:C366))} -> 37422 | H5: {=SUMPRODUCT((MONTH(B2:B366)=4)*(D2:D366))} -> 1946153 | I5: ='Google Ads Data'!F343/'Google Ads Data'!D343 -> 1.95015 | J5: 59350.63 | L5: Apr | M5: 59350.63 | N5: 48074
B6: 44931 | C6: 554 | D6: 37989 | F6: May | G6: {=SUMPRODUCT((MONTH(B2:B366)=5)*(C2:C366))} -> 36132 | H6: {=SUMPRODUCT((MONTH(B2:B366)=5)*(D2:D366))} -> 1829119 | I6: ='Google Ads Data'!F344/'Google Ads Data'!D344 -> 1.7233325 | J6: 57028.77 | L6: May | M6: 57028.77 | N6: 46193.31
B7: 44932 | C7: 1085 | D7: 61008 | F7: Jun | G7: {=SUMPRODUCT((MONTH(B2:B366)=6)*(C2:C366))} -> 37280 | H7: {=SUMPRODUCT((MONTH(B2:B366)=6)*(D2:D366))} -> 1734777 | I7: ='Google Ads Data'!F345/'Google Ads Data'!D345 -> 0.97021339 | J7: 57115.37 | L7: Jun | M7: 57115.37 | N7: 46263.44
B8: 44933 | C8: 1246 | D8: 45181 | F8: Jul | G8: {=SUMPRODUCT((MONTH(B2:B366)=7)*(C2:C366))} -> 35464 | H8: {=SUMPRODUCT((MONTH(B2:B366)=7)*(D2:D366))} -> 1648050 | I8: ='Google Ads Data'!F346/'Google Ads Data'!D346 -> 1.2565312 | J8: 53040.79 | L8: Jul | M8: 53040.79 | N8: 45805.46
B9: 44934 | C9: 395 | D9: 39529 | F9: Aug | G9: {=SUMPRODUCT((MONTH(B2:B366)=8)*(C2:C366))} -> 32685 | H9: {=SUMPRODUCT((MONTH(B2:B366)=8)*(D2:D366))} -> 1668702 | I9: ='Google Ads Data'!F347/'Google Ads Data'!D347 -> 0.97030562 | J9: 49771.89 | L9: Aug | M9: 49771.89 | N9: 44346.76
B10: 44935 | C10: 1724 | D10: 84110 | F10: Sep | G10: {=SUMPRODUCT((MONTH(B2:B366)=9)*(C2:C366))} -> 29053 | H10: {=SUMPRODUCT((MONTH(B2:B366)=9)*(D2:D366))} -> 1515813 | I10: ='Google Ads Data'!F348/'Google Ads Data'!D348 -> 1.8332438 | J10: 43201.98 | L10: Sep | M10: 43201.98 | N10: 34993.62
B11: 44936 | C11: 1312 | D11: 70925 | F11: Oct | G11: {=SUMPRODUCT((MONTH(B2:B366)=10)*(C2:C366))} -> 36497 | H11: {=SUMPRODUCT((MONTH(B2:B366)=10)*(D2:D366))} -> 1799182 | I11: ='Google Ads Data'!F349/'Google Ads Data'!D349 -> 1.6300229 | J11: 50083.93 | L11: Oct | M11: 50083.93 | N11: 40568.02
B12: 44937 | C12: 783 | D12: 78307 | F12: Nov | G12: {=SUMPRODUCT((MONTH(B2:B366)=11)*(C2:C366))} -> 30981 | H12: {=SUMPRODUCT((MONTH(B2:B366)=11)*(D2:D366))} -> 1562221 | I12: ='Google Ads Data'!F350/'Google Ads Data'!D350 -> 1.2439035 | J12: 43304.72 | L12: Nov | M12: 43304.72 | N12: 35076.8
B13: 44938 | C13: 1265 | D13: 70313 | F13: Dec | G13: {=SUMPRODUCT((MONTH(B2:B366)=12)*(C2:C366))} -> 47450 | H13: {=SUMPRODUCT((MONTH(B2:B366)=12)*(D2:D366))} -> 2323911 | I13: ='Google Ads Data'!F351/'Google Ads Data'!D351 -> 3.4880035 | J13: 70220.29 | L13: Dec | M13: 70220.29 | N13: 56878.4
B14: 44939 | C14: 1818 | D14: 93757 | L14: Annual Spend | M14: =SUM(M2:M13) -> 628862.21 | N14: =SUM(N2:N13) -> 513800.43
B15: 44940 | C15: 1276 | D15: 69770
B16: 44941 | C16: 1879 | D16: 69622
B17: 44942 | C17: 583 | D17: 20474
B18: 44943 | C18: 2235 | D18: 99778
B19: 44944 | C19: 1619 | D19: 61824
B20: 44945 | C20: 773 | D20: 66138
B21: 44946 | C21: 1028 | D21: 72950
B22: 44947 | C22: 1513 | D22: 69746
B23: 44948 | C23: 508 | D23: 41036
B24: 44949 | C24: 159 | D24: 12284
B25: 44950 | C25: 1139 | D25: 67438
B26: 44951 | C26: 1235 | D26: 47354
... B366: 45291 | C366: 2184 | D366: 88825

Sheet Facebook Ads Data
A1: Date | B1: Impressions | C1: Clicks | D1: Spend | E1: Conversions | F1: Revenue
A2: 44927 | B2: 36947 | C2: 652 | D2: 520.8 | E2: 11 | F2: 1731.29
A3: 44928 | B3: 103648 | C3: 1973 | D3: 1777.8 | E3: 46 | F3: 6887.25
A4: 44929 | B4: 26894 | C4: 345 | D4: 253.23 | E4: 7 | F4: 875.24
A5: 44930 | B5: 52025 | C5: 877 | D5: 1024.92 | E5: 16 | F5: 3410.08
A6: 44931 | B6: 48395 | C6: 692 | D6: 646.93 | E6: 16 | F6: 3435.37
A7: 44932 | B7: 71027 | C7: 1356 | D7: 1609.69 | E7: 20 | F7: 3668.99
A8: 44933 | B8: 55996 | C8: 1557 | D8: 1020.16 | E8: 32 | F8: 6481.26
A9: 44934 | B9: 51353 | C9: 493 | D9: 534.71 | E9: 11 | F9: 1792
A10: 44935 | B10: 95648 | C10: 2155 | D10: 1899.43 | E10: 40 | F10: 7656.99
A11: 44936 | B11: 81702 | C11: 1640 | D11: 1881.17 | E11: 20 | F11: 3874.83
A12: 44937 | B12: 88605 | C12: 978 | D12: 1148.05 | E12: 21 | F12: 3945.11
A13: 44938 | B13: 82279 | C13: 1581 | D13: 1753.03 | E13: 20 | F13: 3888.03
... A366: 45291 | B366: 74487 | C366: 2047 | D366: 1964.61 | E366: 47 | F366: 5801.42

Sheet Pivot Table Facebook

Sheet Facebook Summary
A1: Total Spent | B1: =SUM('Facebook Ads Data'!D2:D366) -> 513800.43
A2: Total Clicks Amount | B2: =SUM('Facebook Ads Data'!C2:C366) -> 526188
A3: Total Impressions | B3: =SUM('Facebook Ads Data'!B1:B366) -> 25104458
A4: Average Cost Per Click | B4: =(SUM('Facebook Ads Data'!D2:D366))/(SUM('Facebook Ads Data'!C366)) -> 251.00168
A5: Average CPM | B5: =(SUM('Facebook Ads Data'!D2:D366)/SUM('Facebook Ads Data'!B2:B366))*1000 -> 20.466502
A6: Total Conversation | B6: =SUM('Facebook Ads Data'!E2:E366) -> 9895
A7: Average Cost Per Conversation | B7: =(SUM('Facebook Ads Data'!D2:D366))/(SUM('Facebook Ads Data'!E2:E366)) -> 51.925258
A8: Return On Ad Spend (ROAS) | B8: =(SUM('Facebook Ads Data'!F2:F366))/(SUM('Facebook Ads Data'!D1:D366)) -> 2.9774261

Sheet Additional Questions
A1: Spend For Each Month | D1: Conversions For Each Month | G1: Revenue For Each Month | K1: CPC FOR JULY | O1: CPM FOR JULY | S1: Conversion Amount For July
A2: Jan | B2: {=SUMPRODUCT((MONTH('Facebook Ads Data'!A2:A366)=1)*('Facebook Ads Data'!D2:D366))} -> 40308.59 | D2: Jan | E2: {=SUMPRODUCT((MONTH('Facebook Ads Data'!A2:A366)=1)*('Facebook Ads Data'!E2:E366))} -> 738 | G2: Jan | H2: {=SUMPRODUCT((MONTH('Facebook Ads Data'!A2:A366)=1)*('Facebook Ads Data'!F2:F366))} -> 123705.64 | K2: 45108 | M2: ='Facebook Ads Data'!D183/'Facebook Ads Data'!C183 -> 0.9396734 | O2: 45108 | Q2: =('Facebook Ads Data'!D342/'Facebook Ads Data'!B342)*1000 -> 29.489366 | S2: 45108 | U2: 58
A3: Feb | B3: {=SUMPRODUCT((MONTH('Facebook Ads Data'!A2:A366)=2)*('Facebook Ads Data'!D2:D366))} -> 37652.5 | D3: Feb | E3: {=SUMPRODUCT((MONTH('Facebook Ads Data'!A2:A366)=2)*('Facebook Ads Data'!E2:E366))} -> 684 | G3: Feb | H3: {=SUMPRODUCT((MONTH('Facebook Ads Data'!A2:A366)=2)*('Facebook Ads Data'!F2:F366))} -> 114860.89 | K3: 45109 | M3: ='Facebook Ads Data'!D184/'Facebook Ads Data'!C184 -> 0.67391954 | O3: 45109 | Q3: =('Facebook Ads Data'!D343/'Facebook Ads Data'!B343)*1000 -> 30.295573 | S3: 45109 | U3: 17
A4: Mar | B4: {=SUMPRODUCT((MONTH('Facebook Ads Data'!A2:A366)=3)*('Facebook Ads Data'!D2:D366))} -> 37639.53 | D4: Mar | E4: {=SUMPRODUCT((MONTH('Facebook Ads Data'!A2:A366)=3)*('Facebook Ads Data'!E2:E366))} -> 745 | G4: Mar | H4: {=SUMPRODUCT((MONTH('Facebook Ads Data'!A2:A366)=3)*('Facebook Ads Data'!F2:F366))} -> 114313.36 | K4: 45110 | M4: ='Facebook Ads Data'!D185/'Facebook Ads Data'!C185 -> 1.2058786 | O4: 45110 | Q4: =('Facebook Ads Data'!D344/'Facebook Ads Data'!B344)*1000 -> 35.86744 | S4: 45110 | U4: 21
A5: Apr | B5: {=SUMPRODUCT((MONTH('Facebook Ads Data'!A2:A366)=4)*('Facebook Ads Data'!D2:D366))} -> 48074 | D5: Apr | E5: {=SUMPRODUCT((MONTH('Facebook Ads Data'!A2:A366)=4)*('Facebook Ads Data'!E2:E366))} -> 904 | G5: Apr | H5: {=SUMPRODUCT((MONTH('Facebook Ads Data'!A2:A366)=4)*('Facebook Ads Data'!F2:F366))} -> 139447.02 | K5: 45111 | M5: ='Facebook Ads Data'!D186/'Facebook Ads Data'!C186 -> 0.6481411 | O5: 45111 | Q5: =('Facebook Ads Data'!D345/'Facebook Ads Data'!B345)*1000 -> 30.850373 | S5: 45111 | U5: 23
A6: May | B6: {=SUMPRODUCT((MONTH('Facebook Ads Data'!A2:A366)=5)*('Facebook Ads Data'!D2:D366))} -> 46193.31 | D6: May | E6: {=SUMPRODUCT((MONTH('Facebook Ads Data'!A2:A366)=5)*('Facebook Ads Data'!E2:E366))} -> 862 | G6: May | H6: {=SUMPRODUCT((MONTH('Facebook Ads Data'!A2:A366)=5)*('Facebook Ads Data'!F2:F366))} -> 133654.72 | K6: 45112 | M6: ='Facebook Ads Data'!D187/'Facebook Ads Data'!C187 -> 0.95307796 | O6: 45112 | Q6: =('Facebook Ads Data'!D346/'Facebook Ads Data'!B346)*1000 -> 21.340742 | S6: 45112 | U6: 38
A7: Jun | B7: {=SUMPRODUCT((MONTH('Facebook Ads Data'!A2:A366)=6)*('Facebook Ads Data'!D2:D366))} -> 46263.44 | D7: Jun | E7: {=SUMPRODUCT((MONTH('Facebook Ads Data'!A2:A366)=6)*('Facebook Ads Data'!E2:E366))} -> 878 | G7: Jun | H7: {=SUMPRODUCT((MONTH('Facebook Ads Data'!A2:A366)=6)*('Facebook Ads Data'!F2:F366))} -> 139159.19 | K7: 45113 | M7: ='Facebook Ads Data'!D188/'Facebook Ads Data'!C188 -> 0.95379104 | O7: 45113 | Q7: =('Facebook Ads Data'!D347/'Facebook Ads Data'!B347)*1000 -> 14.045948 | S7: 45113 | U7: 14
A8: Jul | B8: {=SUMPRODUCT((MONTH('Facebook Ads Data'!A2:A366)=7)*('Facebook Ads Data'!D2:D366))} -> 45805.46 | D8: Jul | E8: {=SUMPRODUCT((MONTH('Facebook Ads Data'!A2:A366)=7)*('Facebook Ads Data'!E2:E366))} -> 925 | G8: Jul | H8: {=SUMPRODUCT((MONTH('Facebook Ads Data'!A2:A366)=7)*('Facebook Ads Data'!F2:F366))} -> 141254.33 | K8: 45114 | M8: ='Facebook Ads Data'!D189/'Facebook Ads Data'!C189 -> 0.96026001 | O8: 45114 | Q8: =('Facebook Ads Data'!D348/'Facebook Ads Data'!B348)*1000 -> 29.533215 | S8: 45114 | U8: 33
A9: Aug | B9: {=SUMPRODUCT((MONTH('Facebook Ads Data'!A2:A366)=8)*('Facebook Ads Data'!D2:D366))} -> 44346.76 | D9: Aug | E9: {=SUMPRODUCT((MONTH('Facebook Ads Data'!A2:A366)=8)*('Facebook Ads Data'!E2:E366))} -> 900 | G9: Aug | H9: {=SUMPRODUCT((MONTH('Facebook Ads Data'!A2:A366)=8)*('Facebook Ads Data'!F2:F366))} -> 140986.43 | K9: 45115 | M9: ='Facebook Ads Data'!D190/'Facebook Ads Data'!C190 -> 1.2191957 | O9: 45115 | Q9: =('Facebook Ads Data'!D349/'Facebook Ads Data'!B349)*1000 -> 40.481301 | S9: 45115 | U9: 39
A10: Sep | B10: {=SUMPRODUCT((MONTH('Facebook Ads Data'!A2:A366)=9)*('Facebook Ads Data'!D2:D366))} -> 34993.62 | D10: Sep | E10: {=SUMPRODUCT((MONTH('Facebook Ads Data'!A2:A366)=9)*('Facebook Ads Data'!E2:E366))} -> 669 | G10: Sep | H10: {=SUMPRODUCT((MONTH('Facebook Ads Data'!A2:A366)=9)*('Facebook Ads Data'!F2:F366))} -> 109449.36 | K10: 45116 | M10: ='Facebook Ads Data'!D191/'Facebook Ads Data'!C191 -> 1.1088102 | O10: 45116 | Q10: =('Facebook Ads Data'!D350/'Facebook Ads Data'!B350)*1000 -> 44.573625 | S10: 45116 | U10: 23
A11: Oct | B11: {=SUMPRODUCT((MONTH('Facebook Ads Data'!A2:A366)=10)*('Facebook Ads Data'!D2:D366))} -> 40568.02 | D11: Oct | E11: {=SUMPRODUCT((MONTH('Facebook Ads Data'!A2:A366)=10)*('Facebook Ads Data'!E2:E366))} -> 871 | G11: Oct | H11: {=SUMPRODUCT((MONTH('Facebook Ads Data'!A2:A366)=10)*('Facebook Ads Data'!F2:F366))} -> 129368.21 | K11: 45117 | M11: ='Facebook Ads Data'!D192/'Facebook Ads Data'!C192 -> 0.83323101 | O11: 45117 | Q11: =('Facebook Ads Data'!D351/'Facebook Ads Data'!B351)*1000 -> 33.052159 | S11: 45117 | U11: 27
A12: Nov | B12: {=SUMPRODUCT((MONTH('Facebook Ads Data'!A2:A366)=11)*('Facebook Ads Data'!D2:D366))} -> 35076.8 | D12: Nov | E12: {=SUMPRODUCT((MONTH('Facebook Ads Data'!A2:A366)=11)*('Facebook Ads Data'!E2:E366))} -> 695 | G12: Nov | H12: {=SUMPRODUCT((MONTH('Facebook Ads Data'!A2:A366)=11)*('Facebook Ads Data'!F2:F366))} -> 111034.14 | K12: 45118 | M12: ='Facebook Ads Data'!D193/'Facebook Ads Data'!C193 -> 0.74237955 | O12: 45118 | Q12: =('Facebook Ads Data'!D352/'Facebook Ads Data'!B352)*1000 -> 19.196836 | S12: 45118 | U12: 27
A13: Dec | B13: {=SUMPRODUCT((MONTH('Facebook Ads Data'!A2:A366)=12)*('Facebook Ads Data'!D2:D366))} -> 56878.4 | D13: Dec | E13: {=SUMPRODUCT((MONTH('Facebook Ads Data'!A2:A366)=12)*('Facebook Ads Data'!E2:E366))} -> 1024 | G13: Dec | H13: {=SUMPRODUCT((MONTH('Facebook Ads Data'!A2:A366)=12)*('Facebook Ads Data'!F2:F366))} -> 132569.52 | K13: 45119 | M13: ='Facebook Ads Data'!D194/'Facebook Ads Data'!C194 -> 0.69583102 | O13: 45119 | Q13: =('Facebook Ads Data'!D353/'Facebook Ads Data'!B353)*1000 -> 27.160673 | S13: 45119 | U13: 101
A14: Maximum Spend | B14: =MAX(B2:B13) -> 56878.4 | D14: Maximum Conversion | E14: =MAX(E2:E13) -> 1024 | G14: Maximum Revenue | H14: =MAX(H2:H13) -> 141254.33 | K14: 45120 | M14: ='Facebook Ads Data'!D195/'Facebook Ads Data'!C195 -> 0.90161101 | O14: 45120 | Q14: =('Facebook Ads Data'!D354/'Facebook Ads Data'!B354)*1000 -> 44.215905 | S14: 45120 | U14: 34
K15: 45121 | M15: ='Facebook Ads Data'!D196/'Facebook Ads Data'!C196 -> 0.98237443 | O15: 45121 | Q15: =('Facebook Ads Data'!D355/'Facebook Ads Data'!B355)*1000 -> 33.159921 | S15: 45121 | U15: 21
K16: 45122 | M16: ='Facebook Ads Data'!D197/'Facebook Ads Data'!C197 -> 1.1073568 | O16: 45122 | Q16: =('Facebook Ads Data'!D356/'Facebook Ads Data'!B356)*1000 -> 11.632046 | S16: 45122 | U16: 33
K17: 45123 | M17: ='Facebook Ads Data'!D198/'Facebook Ads Data'!C198 -> 0.947345 | O17: 45123 | Q17: =('Facebook Ads Data'!D357/'Facebook Ads Data'!B357)*1000 -> 18.035811 | S17: 45123 | U17: 79
K18: 45124 | M18: ='Facebook Ads Data'!D199/'Facebook Ads Data'!C199 -> 0.79907677 | O18: 45124 | Q18: =('Facebook Ads Data'!D358/'Facebook Ads Data'!B358)*1000 -> 15.220723 | S18: 45124 | U18: 32
K19: 45125 | M19: ='Facebook Ads Data'!D200/'Facebook Ads Data'!C200 -> 1.044139 | O19: 45125 | Q19: =('Facebook Ads Data'!D359/'Facebook Ads Data'!B359)*1000 -> 27.002944 | S19: 45125 | U19: 33
K20: 45126 | M20: ='Facebook Ads Data'!D201/'Facebook Ads Data'!C201 -> 0.64027739 | O20: 45126 | Q20: =('Facebook Ads Data'!D360/'Facebook Ads Data'!B360)*1000 -> 12.868851 | S20: 45126 | U20: 15
K21: 45127 | M21: ='Facebook Ads Data'!D202/'Facebook Ads Data'!C202 -> 0.83898388 | O21: 45127 | Q21: =('Facebook Ads Data'!D361/'Facebook Ads Data'!B361)*1000 -> 17.303191 | S21: 45127 | U21: 21
K22: 45128 | M22: ='Facebook Ads Data'!D203/'Facebook Ads Data'!C203 -> 0.71602906 | O22: 45128 | Q22: =('Facebook Ads Data'!D362/'Facebook Ads Data'!B362)*1000 -> 25.809972 | S22: 45128 | U22: 8
K23: 45129 | M23: ='Facebook Ads Data'!D204/'Facebook Ads Data'!C204 -> 1.0708526 | O23: 45129 | Q23: =('Facebook Ads Data'!D363/'Facebook Ads Data'!B363)*1000 -> 38.178011 | S23: 45129 | U23: 7
K24: 45130 | M24: ='Facebook Ads Data'!D205/'Facebook Ads Data'!C205 -> 1.0354592 | O24: 45130 | Q24: =('Facebook Ads Data'!D364/'Facebook Ads Data'!B364)*1000 -> 17.610881 | S24: 45130 | U24: 10
K25: 45131 | M25: ='Facebook Ads Data'!D206/'Facebook Ads Data'!C206 -> 0.60457947 | O25: 45131 | Q25: =('Facebook Ads Data'!D365/'Facebook Ads Data'!B365)*1000 -> 32.015758 | S25: 45131 | U25: 52
K26: 45132 | M26: ='Facebook Ads Data'!D207/'Facebook Ads Data'!C207 -> 0.64109012 | O26: 45132 | Q26: =('Facebook Ads Data'!D366/'Facebook Ads Data'!B366)*1000 -> 26.375206 | S26: 45132 | U26: 12
K27: 45133 | M27: ='Facebook Ads Data'!D208/'Facebook Ads Data'!C208 -> 0.7838172 | O27: 45133 | Q27: =('Facebook Ads Data'!D208/'Facebook Ads Data'!B208)*1000 -> 11.995886 | S27: 45133 | U27: 12
K28: 45134 | M28: ='Facebook Ads Data'!D209/'Facebook Ads Data'!C209 -> 1.0042382 | O28: 45134 | Q28: =('Facebook Ads Data'!D209/'Facebook Ads Data'!B209)*1000 -> 30.533295 | S28: 45134 | U28: 29
K29: 45135 | M29: ='Facebook Ads Data'!D210/'Facebook Ads Data'!C210 -> 0.99894413 | O29: 45135 | Q29: =('Facebook Ads Data'!D210/'Facebook Ads Data'!B210)*1000 -> 14.402819 | S29: 45135 | U29: 32
K30: 45136 | M30: ='Facebook Ads Data'!D211/'Facebook Ads Data'!C211 -> 0.75388632 | O30: 45136 | Q30: =('Facebook Ads Data'!D211/'Facebook Ads Data'!B211)*1000 -> 17.901783 | S30: 45136 | U30: 26
K31: 45137 | M31: ='Facebook Ads Data'!D212/'Facebook Ads Data'!C212 -> 0.63399697 | O31: 45137 | Q31: =('Facebook Ads Data'!D212/'Facebook Ads Data'!B212)*1000 -> 11.326887 | S31: 45137 | U31: 22
K32: 45138 | M32: ='Facebook Ads Data'!D213/'Facebook Ads Data'!C213 -> 1.0569488 | O32: 45138 | Q32: =('Facebook Ads Data'!D213/'Facebook Ads Data'!B213)*1000 -> 24.342332 | S32: 45138 | U32: 26
K33: Total CPC For July | M33: =SUM(M2:M32) -> 27.495195 | O33: Total CPM For July | Q33: =SUM(Q2:Q32) -> 785.81948 | S33: Total Conversion Amount | U33: =SUM(U2:U32) -> 925
